Invoice Date,AC,AD,AJ,AO,BG,BM,BO,BQ,CD,CQ,PJ,VC
2018-01-01,16.0,1.0,1.0,7.0,,,2.0,6.0,43.0,4.0,,
2018-01-02,182.0,6.0,5.0,177.0,,6.0,2.0,87.0,159.0,8.0,1.0,
2018-01-03,256.0,18.0,15.0,168.0,,9.0,7.0,110.0,323.0,39.0,3.0,
2018-01-04,226.0,16.0,14.0,181.0,,4.0,30.0,145.0,353.0,15.0,1.0,
2018-01-05,280.0,29.0,5.0,236.0,,6.0,9.0,157.0,450.0,25.0,6.0,
2018-01-08,254.0,23.0,9.0,202.0,,3.0,32.0,123.0,426.0,38.0,3.0,
2018-01-09,278.0,19.0,5.0,220.0,,4.0,41.0,92.0,354.0,43.0,1.0,
2018-01-10,221.0,23.0,6.0,189.0,,9.0,11.0,121.0,295.0,27.0,3.0,
2018-01-11,318.0,19.0,4.0,227.0,,8.0,35.0,207.0,724.0,26.0,3.0,
2018-01-12,346.0,18.0,16.0,260.0,,6.0,33.0,143.0,609.0,56.0,9.0,
2018-01-15,290.0,22.0,10.0,199.0,,3.0,29.0,175.0,585.0,45.0,4.0,
2018-01-16,584.0,37.0,4.0,448.0,,5.0,29.0,159.0,434.0,31.0,5.0,
2018-01-17,295.0,21.0,23.0,203.0,,6.0,47.0,134.0,500.0,48.0,1.0,
2018-01-18,427.0,30.0,13.0,343.0,,9.0,32.0,171.0,510.0,68.0,15.0,2.0
2018-01-19,257.0,14.0,7.0,181.0,,2.0,27.0,131.0,635.0,43.0,7.0,
2018-01-22,570.0,33.0,24.0,390.0,,10.0,39.0,198.0,936.0,68.0,2.0,
2018-01-23,323.0,32.0,8.0,248.0,,10.0,20.0,147.0,423.0,51.0,3.0,
2018-01-24,815.0,48.0,9.0,562.0,,3.0,49.0,298.0,703.0,67.0,4.0,
2018-01-25,511.0,28.0,28.0,395.0,,7.0,29.0,192.0,975.0,61.0,7.0,
2018-01-26,334.0,25.0,7.0,262.0,,6.0,25.0,138.0,461.0,29.0,5.0,
2018-01-29,176.0,28.0,16.0,146.0,,6.0,19.0,172.0,220.0,23.0,10.0,
2018-01-30,144.0,16.0,5.0,93.0,,4.0,19.0,112.0,147.0,13.0,5.0,
2018-01-31,224.0,22.0,7.0,143.0,,6.0,23.0,81.0,189.0,32.0,4.0,
2018-02-01,308.0,23.0,13.0,219.0,,7.0,27.0,221.0,493.0,33.0,4.0,
2018-02-02,290.0,59.0,19.0,238.0,,7.0,11.0,175.0,622.0,60.0,15.0,
2018-02-05,349.0,31.0,29.0,271.0,,9.0,25.0,163.0,547.0,37.0,6.0,
2018-02-06,359.0,24.0,17.0,298.0,,7.0,9.0,136.0,395.0,43.0,2.0,
2018-02-07,238.0,10.0,8.0,200.0,,9.0,19.0,151.0,371.0,50.0,3.0,
2018-02-08,224.0,15.0,5.0,168.0,,6.0,18.0,112.0,265.0,25.0,9.0,2.0
2018-02-09,262.0,15.0,7.0,192.0,,10.0,16.0,124.0,433.0,29.0,,
2018-02-12,452.0,33.0,4.0,350.0,,3.0,17.0,132.0,294.0,11.0,3.0,2.0
2018-02-13,250.0,14.0,9.0,205.0,,4.0,11.0,109.0,250.0,23.0,6.0,2.0
2018-02-14,233.0,25.0,11.0,221.0,,6.0,46.0,52.0,288.0,27.0,4.0,
2018-02-15,246.0,20.0,12.0,200.0,,7.0,35.0,181.0,553.0,43.0,9.0,
2018-02-16,497.0,26.0,25.0,373.0,,1.0,33.0,221.0,1816.0,67.0,4.0,
2018-02-19,419.0,19.0,14.0,304.0,,7.0,25.0,141.0,484.0,48.0,3.0,
2018-02-20,486.0,36.0,6.0,398.0,,13.0,36.0,113.0,456.0,35.0,6.0,
2018-02-21,277.0,19.0,6.0,200.0,,4.0,35.0,69.0,420.0,34.0,3.0,
2018-02-22,701.0,43.0,17.0,481.0,,10.0,47.0,293.0,772.0,59.0,4.0,
2018-02-23,652.0,38.0,26.0,520.0,,6.0,55.0,182.0,1118.0,80.0,7.0,
2018-02-25,4.0,,,1.0,,,,1.0,,,,
2018-02-26,241.0,24.0,6.0,202.0,,9.0,19.0,156.0,424.0,47.0,4.0,
2018-02-27,191.0,14.0,11.0,127.0,,11.0,22.0,114.0,241.0,16.0,2.0,
2018-02-28,153.0,10.0,9.0,118.0,,6.0,11.0,56.0,186.0,22.0,6.0,
2018-03-01,374.0,26.0,11.0,280.0,,5.0,20.0,137.0,270.0,53.0,5.0,
2018-03-02,302.0,23.0,15.0,249.0,,5.0,29.0,125.0,499.0,26.0,2.0,
2018-03-05,279.0,24.0,11.0,216.0,,3.0,21.0,130.0,232.0,29.0,2.0,
2018-03-06,457.0,32.0,8.0,345.0,,4.0,26.0,152.0,445.0,35.0,16.0,
2018-03-07,333.0,21.0,9.0,298.0,,4.0,19.0,167.0,386.0,52.0,9.0,
2018-03-08,221.0,21.0,6.0,192.0,,6.0,8.0,102.0,226.0,21.0,2.0,
2018-03-09,257.0,16.0,13.0,247.0,,3.0,19.0,130.0,455.0,33.0,4.0,
2018-03-12,204.0,19.0,11.0,189.0,,5.0,35.0,118.0,422.0,29.0,8.0,
2018-03-13,324.0,25.0,6.0,250.0,,7.0,15.0,123.0,339.0,39.0,8.0,
2018-03-14,332.0,23.0,16.0,257.0,,4.0,26.0,124.0,334.0,31.0,3.0,
2018-03-15,296.0,16.0,11.0,206.0,,6.0,28.0,122.0,612.0,46.0,5.0,
2018-03-16,280.0,21.0,15.0,241.0,,7.0,27.0,114.0,813.0,43.0,4.0,
2018-03-19,259.0,20.0,7.0,233.0,,5.0,13.0,127.0,328.0,27.0,4.0,
2018-03-20,677.0,26.0,12.0,388.0,,4.0,43.0,171.0,1317.0,47.0,7.0,
2018-03-21,433.0,25.0,7.0,302.0,,7.0,13.0,175.0,507.0,50.0,4.0,
2018-03-22,359.0,19.0,17.0,276.0,,3.0,31.0,143.0,547.0,34.0,5.0,
2018-03-23,606.0,27.0,27.0,514.0,,,22.0,192.0,1420.0,81.0,3.0,
2018-03-26,336.0,14.0,4.0,275.0,,10.0,27.0,186.0,427.0,46.0,8.0,
2018-03-27,163.0,9.0,6.0,130.0,,9.0,12.0,105.0,183.0,25.0,3.0,3.0
2018-03-28,285.0,22.0,11.0,242.0,,11.0,14.0,123.0,144.0,16.0,5.0,
2018-03-29,146.0,18.0,4.0,130.0,,2.0,15.0,68.0,159.0,16.0,1.0,
2018-03-30,51.0,4.0,,29.0,,,,4.0,36.0,3.0,,
2018-04-01,9.0,,4.0,2.0,,,1.0,4.0,155.0,6.0,,
2018-04-02,,,,,,,,,1.0,,,
2018-04-03,185.0,13.0,8.0,150.0,,4.0,30.0,151.0,362.0,29.0,,
2018-04-04,302.0,31.0,7.0,245.0,,6.0,28.0,123.0,277.0,23.0,4.0,
2018-04-05,417.0,40.0,13.0,338.0,,2.0,27.0,161.0,429.0,30.0,13.0,
2018-04-06,404.0,40.0,13.0,315.0,,2.0,20.0,135.0,456.0,53.0,3.0,
2018-04-09,383.0,21.0,4.0,256.0,,8.0,12.0,89.0,271.0,31.0,,
2018-04-10,401.0,12.0,10.0,259.0,,6.0,11.0,121.0,920.0,54.0,2.0,
2018-04-11,295.0,18.0,9.0,231.0,,6.0,28.0,119.0,336.0,29.0,4.0,
2018-04-12,247.0,16.0,14.0,192.0,,8.0,25.0,108.0,336.0,36.0,3.0,
2018-04-13,307.0,24.0,18.0,255.0,,8.0,17.0,101.0,381.0,39.0,2.0,
2018-04-16,459.0,38.0,15.0,374.0,,14.0,23.0,159.0,593.0,59.0,6.0,1.0
2018-04-17,373.0,15.0,5.0,266.0,,8.0,14.0,145.0,274.0,31.0,,
2018-04-18,225.0,15.0,22.0,165.0,,9.0,17.0,135.0,487.0,53.0,14.0,
2018-04-19,333.0,9.0,3.0,279.0,,9.0,23.0,137.0,297.0,63.0,2.0,
2018-04-20,588.0,25.0,13.0,405.0,,6.0,44.0,257.0,1076.0,53.0,7.0,
2018-04-23,654.0,29.0,17.0,485.0,,6.0,18.0,169.0,1020.0,56.0,5.0,
2018-04-24,494.0,29.0,27.0,373.0,,8.0,26.0,168.0,1033.0,107.0,5.0,
2018-04-25,490.0,19.0,21.0,367.0,,2.0,10.0,159.0,563.0,41.0,4.0,
2018-04-26,219.0,7.0,9.0,161.0,,5.0,12.0,117.0,288.0,35.0,2.0,
2018-04-27,162.0,12.0,1.0,163.0,,1.0,17.0,96.0,243.0,20.0,4.0,
2018-04-30,228.0,11.0,2.0,165.0,,2.0,25.0,90.0,117.0,16.0,,
2018-05-01,29.0,2.0,,23.0,,,,3.0,85.0,5.0,,
2018-05-02,282.0,21.0,11.0,218.0,,8.0,45.0,132.0,398.0,41.0,2.0,
2018-05-03,353.0,26.0,3.0,267.0,,8.0,13.0,134.0,238.0,25.0,8.0,
2018-05-04,313.0,20.0,6.0,257.0,,11.0,8.0,127.0,313.0,33.0,1.0,
2018-05-07,137.0,11.0,8.0,137.0,,2.0,17.0,103.0,187.0,19.0,,
2018-05-08,382.0,26.0,7.0,260.0,,10.0,30.0,136.0,367.0,42.0,4.0,1.0
2018-05-09,346.0,19.0,6.0,258.0,,5.0,9.0,133.0,308.0,29.0,1.0,
2018-05-10,104.0,4.0,3.0,103.0,,2.0,1.0,15.0,82.0,8.0,1.0,
2018-05-11,283.0,17.0,3.0,229.0,,2.0,4.0,88.0,328.0,28.0,4.0,
2018-05-14,257.0,17.0,2.0,214.0,,5.0,33.0,157.0,352.0,28.0,2.0,
2018-05-15,284.0,16.0,10.0,234.0,,4.0,18.0,144.0,291.0,31.0,5.0,
2018-05-16,360.0,12.0,21.0,277.0,,11.0,25.0,130.0,1153.0,72.0,2.0,
2018-05-17,407.0,21.0,6.0,311.0,,6.0,12.0,133.0,279.0,26.0,8.0,
2018-05-18,442.0,24.0,10.0,323.0,,11.0,11.0,112.0,543.0,36.0,6.0,
2018-05-21,126.0,15.0,,85.0,,,3.0,9.0,329.0,13.0,2.0,
2018-05-22,412.0,26.0,27.0,264.0,,9.0,26.0,158.0,684.0,70.0,1.0,
2018-05-23,452.0,38.0,16.0,389.0,,5.0,21.0,219.0,852.0,71.0,6.0,
2018-05-24,474.0,34.0,13.0,353.0,,9.0,20.0,163.0,834.0,67.0,4.0,
2018-05-25,527.0,31.0,10.0,440.0,,18.0,23.0,178.0,638.0,50.0,1.0,
2018-05-28,371.0,15.0,8.0,224.0,,8.0,20.0,112.0,398.0,19.0,2.0,
2018-05-29,178.0,20.0,4.0,140.0,,8.0,5.0,97.0,220.0,21.0,2.0,
2018-05-30,241.0,16.0,7.0,184.0,,3.0,16.0,96.0,278.0,30.0,2.0,
2018-05-31,58.0,12.0,1.0,46.0,,,3.0,5.0,33.0,4.0,2.0,
2018-06-01,319.0,27.0,4.0,240.0,,1.0,5.0,48.0,373.0,38.0,3.0,
2018-06-04,496.0,16.0,4.0,361.0,,9.0,30.0,171.0,266.0,16.0,3.0,
2018-06-05,332.0,26.0,7.0,299.0,,7.0,26.0,169.0,305.0,22.0,4.0,
2018-06-06,246.0,22.0,10.0,223.0,,10.0,31.0,161.0,432.0,45.0,10.0,
2018-06-07,262.0,21.0,9.0,202.0,,11.0,16.0,121.0,442.0,46.0,3.0,
2018-06-08,372.0,27.0,9.0,283.0,,5.0,13.0,117.0,445.0,27.0,,
2018-06-11,478.0,20.0,15.0,322.0,,7.0,34.0,217.0,1087.0,49.0,8.0,
2018-06-12,326.0,18.0,4.0,212.0,,9.0,17.0,174.0,270.0,18.0,6.0,
2018-06-13,247.0,15.0,9.0,195.0,,7.0,18.0,152.0,258.0,22.0,6.0,
2018-06-14,310.0,11.0,7.0,251.0,,10.0,21.0,162.0,631.0,49.0,4.0,
2018-06-15,399.0,14.0,11.0,310.0,,5.0,12.0,137.0,603.0,34.0,6.0,
2018-06-18,401.0,18.0,20.0,259.0,,2.0,20.0,120.0,361.0,44.0,4.0,
2018-06-19,570.0,32.0,22.0,379.0,,17.0,9.0,166.0,622.0,35.0,8.0,
2018-06-20,494.0,14.0,7.0,393.0,,4.0,20.0,224.0,522.0,34.0,3.0,
2018-06-21,398.0,29.0,11.0,301.0,,7.0,21.0,179.0,447.0,28.0,7.0,
2018-06-22,711.0,53.0,17.0,568.0,,13.0,12.0,215.0,819.0,87.0,1.0,
2018-06-25,672.0,25.0,8.0,527.0,,8.0,36.0,188.0,1094.0,71.0,13.0,
2018-06-26,344.0,15.0,2.0,282.0,,28.0,12.0,128.0,249.0,25.0,8.0,
2018-06-27,153.0,32.0,2.0,120.0,,3.0,8.0,92.0,197.0,17.0,6.0,
2018-06-28,191.0,18.0,1.0,140.0,,5.0,17.0,147.0,235.0,32.0,1.0,
2018-06-29,177.0,9.0,2.0,134.0,,7.0,9.0,111.0,147.0,6.0,13.0,
2018-07-01,15.0,,,10.0,,,,,105.0,5.0,,
2018-07-02,371.0,16.0,7.0,366.0,,37.0,13.0,159.0,390.0,48.0,,
2018-07-03,884.0,22.0,5.0,852.0,,7.0,16.0,142.0,233.0,22.0,,
2018-07-04,803.0,15.0,10.0,822.0,,7.0,22.0,143.0,286.0,22.0,3.0,
2018-07-05,176.0,19.0,2.0,153.0,,15.0,12.0,110.0,228.0,11.0,4.0,
2018-07-06,425.0,25.0,9.0,321.0,,10.0,19.0,111.0,510.0,41.0,6.0,
2018-07-09,334.0,14.0,10.0,247.0,,5.0,14.0,173.0,956.0,40.0,,
2018-07-10,268.0,20.0,10.0,196.0,,8.0,13.0,134.0,270.0,33.0,4.0,
2018-07-11,360.0,18.0,4.0,278.0,,5.0,17.0,197.0,227.0,29.0,7.0,
2018-07-12,184.0,16.0,22.0,120.0,,9.0,24.0,118.0,532.0,54.0,3.0,
2018-07-13,326.0,25.0,10.0,262.0,,5.0,28.0,124.0,699.0,44.0,3.0,
2018-07-16,383.0,25.0,10.0,318.0,,8.0,11.0,112.0,342.0,34.0,2.0,
2018-07-17,306.0,35.0,17.0,221.0,,11.0,35.0,169.0,584.0,53.0,8.0,
2018-07-18,636.0,18.0,10.0,453.0,,11.0,31.0,178.0,410.0,44.0,2.0,
2018-07-19,268.0,16.0,7.0,217.0,,7.0,16.0,118.0,316.0,33.0,2.0,
2018-07-20,708.0,20.0,8.0,549.0,,4.0,20.0,185.0,425.0,50.0,2.0,
2018-07-23,583.0,25.0,7.0,366.0,,7.0,34.0,204.0,623.0,30.0,3.0,
2018-07-24,416.0,13.0,7.0,408.0,,12.0,25.0,135.0,420.0,48.0,5.0,
2018-07-25,559.0,26.0,14.0,420.0,,5.0,25.0,146.0,872.0,55.0,2.0,
2018-07-26,243.0,22.0,6.0,190.0,,2.0,19.0,113.0,197.0,15.0,2.0,
2018-07-27,207.0,17.0,2.0,177.0,,4.0,4.0,38.0,80.0,9.0,1.0,
2018-07-30,139.0,10.0,9.0,122.0,,6.0,22.0,139.0,88.0,16.0,4.0,
2018-07-31,198.0,14.0,4.0,138.0,,9.0,16.0,146.0,104.0,15.0,3.0,
2018-08-01,341.0,20.0,10.0,288.0,,14.0,14.0,129.0,393.0,45.0,3.0,
2018-08-02,152.0,16.0,7.0,144.0,,3.0,11.0,112.0,211.0,18.0,1.0,
2018-08-03,310.0,31.0,11.0,239.0,,4.0,25.0,106.0,543.0,33.0,7.0,
2018-08-06,455.0,22.0,8.0,319.0,,9.0,11.0,124.0,313.0,47.0,3.0,
2018-08-07,305.0,16.0,8.0,270.0,,6.0,26.0,127.0,282.0,21.0,1.0,
2018-08-08,218.0,18.0,1.0,199.0,,9.0,17.0,129.0,281.0,22.0,1.0,
2018-08-09,320.0,20.0,5.0,203.0,,8.0,4.0,136.0,634.0,18.0,1.0,
2018-08-10,430.0,33.0,11.0,323.0,,8.0,31.0,108.0,544.0,22.0,4.0,
2018-08-13,206.0,6.0,4.0,141.0,,3.0,19.0,98.0,446.0,38.0,,
2018-08-14,213.0,16.0,2.0,180.0,,8.0,12.0,100.0,204.0,30.0,2.0,
2018-08-15,349.0,11.0,6.0,238.0,,8.0,13.0,228.0,319.0,23.0,6.0,
2018-08-16,257.0,20.0,6.0,172.0,,12.0,18.0,137.0,184.0,20.0,7.0,
2018-08-17,291.0,13.0,5.0,212.0,,6.0,20.0,88.0,351.0,23.0,3.0,
2018-08-20,241.0,16.0,11.0,141.0,,9.0,7.0,108.0,453.0,30.0,6.0,
2018-08-21,290.0,15.0,6.0,214.0,,3.0,14.0,102.0,240.0,23.0,4.0,
2018-08-22,751.0,27.0,6.0,492.0,,10.0,18.0,170.0,564.0,51.0,4.0,
2018-08-23,479.0,17.0,2.0,373.0,,10.0,18.0,117.0,511.0,45.0,4.0,
2018-08-24,628.0,24.0,3.0,519.0,,4.0,10.0,65.0,762.0,57.0,,
2018-08-27,236.0,9.0,13.0,216.0,,7.0,23.0,99.0,225.0,16.0,5.0,
2018-08-28,158.0,16.0,2.0,117.0,,7.0,17.0,110.0,223.0,30.0,4.0,
2018-08-29,174.0,16.0,4.0,156.0,,8.0,23.0,108.0,146.0,16.0,6.0,
2018-08-30,182.0,13.0,,143.0,,8.0,21.0,103.0,130.0,13.0,2.0,
2018-08-31,224.0,12.0,3.0,201.0,,12.0,6.0,99.0,136.0,14.0,1.0,
2018-09-01,24.0,,1.0,4.0,,1.0,1.0,14.0,119.0,12.0,2.0,
2018-09-03,275.0,15.0,7.0,205.0,,8.0,16.0,104.0,330.0,38.0,3.0,
2018-09-04,273.0,20.0,13.0,203.0,,11.0,23.0,162.0,343.0,42.0,6.0,
2018-09-05,394.0,26.0,17.0,219.0,,8.0,35.0,160.0,566.0,56.0,,
2018-09-06,265.0,18.0,5.0,189.0,,6.0,28.0,158.0,334.0,21.0,2.0,
2018-09-07,442.0,13.0,3.0,298.0,,12.0,23.0,197.0,242.0,17.0,,1.0
2018-09-10,303.0,16.0,4.0,190.0,,5.0,10.0,160.0,225.0,29.0,,
2018-09-11,244.0,23.0,7.0,162.0,,9.0,19.0,146.0,272.0,14.0,3.0,
2018-09-12,258.0,10.0,6.0,198.0,,13.0,21.0,153.0,658.0,38.0,,
2018-09-13,619.0,58.0,12.0,485.0,,6.0,21.0,205.0,561.0,42.0,7.0,
2018-09-14,429.0,23.0,11.0,320.0,,6.0,15.0,145.0,290.0,26.0,1.0,
2018-09-17,431.0,24.0,5.0,328.0,,12.0,26.0,176.0,455.0,32.0,1.0,
2018-09-18,319.0,16.0,4.0,245.0,,15.0,33.0,183.0,333.0,29.0,6.0,
2018-09-19,447.0,13.0,14.0,298.0,,7.0,23.0,174.0,597.0,51.0,1.0,
2018-09-20,434.0,26.0,6.0,252.0,,11.0,29.0,178.0,362.0,35.0,6.0,
2018-09-21,375.0,32.0,8.0,292.0,,6.0,19.0,176.0,469.0,47.0,4.0,
2018-09-24,737.0,27.0,18.0,482.0,,9.0,32.0,237.0,1887.0,126.0,,
2018-09-25,417.0,17.0,9.0,266.0,,15.0,38.0,196.0,707.0,69.0,4.0,
2018-09-26,267.0,12.0,5.0,187.0,,10.0,15.0,116.0,303.0,23.0,4.0,
2018-09-27,427.0,20.0,3.0,273.0,,6.0,28.0,117.0,206.0,24.0,1.0,
2018-09-28,251.0,8.0,2.0,180.0,,9.0,19.0,88.0,203.0,17.0,1.0,
2018-10-01,247.0,18.0,9.0,193.0,,15.0,25.0,138.0,414.0,46.0,3.0,
2018-10-02,440.0,24.0,7.0,347.0,,15.0,19.0,187.0,387.0,34.0,6.0,
2018-10-03,65.0,9.0,2.0,58.0,,,4.0,7.0,131.0,10.0,1.0,
2018-10-04,262.0,18.0,14.0,161.0,,15.0,24.0,129.0,307.0,35.0,9.0,
2018-10-05,378.0,24.0,14.0,263.0,,8.0,33.0,153.0,598.0,35.0,6.0,
2018-10-06,1.0,,,,,,2.0,,3.0,1.0,,
2018-10-08,427.0,26.0,7.0,300.0,,5.0,21.0,127.0,468.0,42.0,1.0,
2018-10-09,367.0,29.0,8.0,267.0,,12.0,13.0,177.0,340.0,50.0,6.0,
2018-10-10,587.0,37.0,5.0,475.0,,16.0,15.0,137.0,382.0,28.0,6.0,
2018-10-11,274.0,20.0,3.0,197.0,,9.0,13.0,67.0,282.0,38.0,2.0,
2018-10-12,449.0,19.0,11.0,337.0,,5.0,11.0,233.0,336.0,23.0,2.0,
2018-10-15,375.0,31.0,7.0,273.0,,8.0,22.0,114.0,587.0,45.0,3.0,
2018-10-16,234.0,27.0,5.0,201.0,,17.0,23.0,150.0,361.0,25.0,1.0,
2018-10-17,275.0,28.0,9.0,197.0,,12.0,35.0,161.0,469.0,23.0,5.0,
2018-10-18,529.0,28.0,8.0,394.0,,13.0,31.0,181.0,806.0,74.0,,
2018-10-19,406.0,15.0,7.0,248.0,,11.0,21.0,119.0,759.0,61.0,9.0,
2018-10-22,500.0,26.0,17.0,334.0,,17.0,33.0,205.0,985.0,69.0,6.0,
2018-10-23,402.0,22.0,10.0,339.0,,14.0,10.0,134.0,556.0,56.0,5.0,
2018-10-24,425.0,27.0,8.0,316.0,,9.0,11.0,146.0,873.0,44.0,7.0,
2018-10-25,549.0,15.0,29.0,300.0,,7.0,65.0,184.0,953.0,91.0,6.0,
2018-10-26,279.0,24.0,2.0,214.0,,9.0,18.0,107.0,242.0,29.0,7.0,
2018-10-29,179.0,16.0,6.0,118.0,,4.0,14.0,112.0,206.0,17.0,3.0,
2018-10-30,166.0,19.0,3.0,137.0,,5.0,22.0,110.0,190.0,20.0,,
2018-10-31,188.0,17.0,4.0,150.0,,7.0,5.0,100.0,198.0,15.0,,
2018-11-01,314.0,14.0,6.0,239.0,,8.0,13.0,166.0,310.0,33.0,4.0,
2018-11-02,304.0,21.0,5.0,230.0,,13.0,38.0,110.0,310.0,34.0,1.0,
2018-11-05,311.0,18.0,13.0,240.0,,6.0,34.0,158.0,450.0,43.0,13.0,
2018-11-06,235.0,14.0,8.0,198.0,,6.0,14.0,101.0,456.0,36.0,5.0,
2018-11-07,307.0,17.0,7.0,228.0,,6.0,33.0,103.0,418.0,43.0,6.0,
2018-11-08,192.0,17.0,6.0,136.0,,5.0,14.0,78.0,306.0,33.0,1.0,
2018-11-09,416.0,23.0,10.0,304.0,,12.0,25.0,125.0,456.0,40.0,3.0,
2018-11-12,177.0,16.0,8.0,135.0,,16.0,11.0,121.0,410.0,44.0,2.0,
2018-11-13,298.0,16.0,13.0,244.0,,6.0,19.0,122.0,513.0,60.0,17.0,
2018-11-14,312.0,22.0,8.0,239.0,,9.0,27.0,102.0,482.0,58.0,12.0,
2018-11-15,229.0,23.0,6.0,167.0,,7.0,31.0,108.0,694.0,42.0,4.0,
2018-11-16,514.0,24.0,12.0,335.0,,8.0,27.0,142.0,1117.0,52.0,7.0,
2018-11-19,402.0,28.0,12.0,260.0,,18.0,25.0,97.0,798.0,58.0,2.0,
2018-11-20,352.0,19.0,13.0,261.0,,14.0,15.0,155.0,515.0,46.0,,
2018-11-21,619.0,25.0,9.0,454.0,,13.0,17.0,113.0,467.0,43.0,2.0,
2018-11-22,373.0,21.0,13.0,329.0,,6.0,28.0,127.0,541.0,52.0,9.0,
2018-11-23,381.0,16.0,22.0,235.0,,11.0,30.0,152.0,1475.0,112.0,4.0,
2018-11-26,336.0,20.0,10.0,230.0,,9.0,14.0,83.0,365.0,36.0,5.0,
2018-11-27,239.0,17.0,1.0,207.0,,7.0,21.0,95.0,433.0,67.0,6.0,
2018-11-28,135.0,12.0,5.0,118.0,,10.0,19.0,125.0,248.0,25.0,4.0,
2018-11-29,157.0,19.0,6.0,116.0,,9.0,20.0,49.0,244.0,28.0,4.0,
2018-11-30,119.0,14.0,2.0,104.0,,8.0,23.0,112.0,209.0,22.0,9.0,
2018-12-01,18.0,,2.0,4.0,,,1.0,2.0,239.0,8.0,1.0,
2018-12-03,322.0,18.0,12.0,228.0,,12.0,42.0,128.0,465.0,27.0,7.0,
2018-12-04,295.0,11.0,11.0,244.0,,4.0,19.0,157.0,455.0,28.0,3.0,
2018-12-05,213.0,16.0,6.0,166.0,,9.0,21.0,76.0,310.0,23.0,4.0,
2018-12-06,382.0,28.0,4.0,249.0,,10.0,34.0,140.0,305.0,32.0,5.0,
2018-12-07,297.0,16.0,9.0,237.0,,11.0,7.0,97.0,410.0,32.0,7.0,
2018-12-10,340.0,24.0,10.0,184.0,,16.0,29.0,122.0,411.0,51.0,,
2018-12-11,317.0,20.0,9.0,217.0,,10.0,32.0,87.0,454.0,32.0,1.0,
2018-12-12,208.0,18.0,6.0,149.0,,8.0,12.0,106.0,289.0,20.0,1.0,
2018-12-13,309.0,12.0,14.0,207.0,,5.0,16.0,92.0,732.0,62.0,3.0,
2018-12-14,587.0,27.0,10.0,456.0,,5.0,15.0,165.0,613.0,40.0,6.0,
2018-12-17,410.0,16.0,7.0,284.0,,15.0,49.0,103.0,499.0,50.0,14.0,
2018-12-18,550.0,18.0,13.0,422.0,,13.0,19.0,162.0,618.0,54.0,6.0,
2018-12-19,637.0,28.0,23.0,370.0,,16.0,39.0,135.0,1508.0,102.0,3.0,
2018-12-20,248.0,17.0,2.0,170.0,,8.0,13.0,87.0,267.0,23.0,1.0,
2018-12-21,213.0,19.0,5.0,138.0,,7.0,21.0,92.0,380.0,44.0,2.0,
2018-12-24,107.0,2.0,2.0,90.0,,,,9.0,73.0,6.0,,
2018-12-25,,,,,,,,,4.0,,,
2018-12-26,13.0,2.0,,12.0,,,1.0,1.0,18.0,3.0,,
2018-12-27,110.0,15.0,4.0,107.0,,6.0,33.0,91.0,128.0,7.0,6.0,
2018-12-28,92.0,8.0,,79.0,,2.0,13.0,112.0,65.0,9.0,1.0,
2018-12-31,14.0,1.0,,13.0,,1.0,,,,,,
2019-01-01,10.0,,2.0,2.0,,,1.0,2.0,116.0,2.0,,
2019-01-02,143.0,6.0,8.0,115.0,,8.0,25.0,80.0,209.0,17.0,3.0,
2019-01-03,231.0,17.0,13.0,134.0,,5.0,12.0,57.0,403.0,39.0,2.0,
2019-01-04,212.0,15.0,9.0,179.0,,6.0,17.0,77.0,301.0,22.0,3.0,
2019-01-07,317.0,15.0,7.0,269.0,,11.0,30.0,138.0,519.0,35.0,13.0,
2019-01-08,193.0,14.0,9.0,153.0,,8.0,11.0,68.0,284.0,25.0,5.0,
2019-01-09,277.0,19.0,2.0,228.0,,13.0,17.0,70.0,350.0,25.0,2.0,
2019-01-10,327.0,13.0,8.0,241.0,,7.0,23.0,123.0,546.0,41.0,2.0,
2019-01-11,359.0,8.0,13.0,251.0,,14.0,51.0,121.0,547.0,42.0,4.0,
2019-01-14,244.0,16.0,11.0,200.0,,10.0,20.0,78.0,458.0,35.0,2.0,
2019-01-15,219.0,15.0,9.0,141.0,,10.0,22.0,97.0,578.0,29.0,5.0,
2019-01-16,368.0,22.0,5.0,258.0,,18.0,38.0,147.0,385.0,31.0,3.0,
2019-01-17,275.0,30.0,16.0,210.0,,10.0,21.0,109.0,356.0,34.0,5.0,
2019-01-18,327.0,14.0,9.0,224.0,,25.0,29.0,155.0,649.0,37.0,4.0,
2019-01-21,565.0,14.0,19.0,350.0,,13.0,41.0,191.0,1389.0,52.0,7.0,
2019-01-22,377.0,30.0,32.0,245.0,,15.0,38.0,127.0,911.0,78.0,7.0,
2019-01-23,295.0,14.0,17.0,201.0,,17.0,13.0,106.0,628.0,83.0,7.0,
2019-01-24,381.0,20.0,15.0,315.0,,10.0,31.0,61.0,691.0,47.0,5.0,
2019-01-25,547.0,18.0,29.0,360.0,,17.0,26.0,199.0,1012.0,81.0,2.0,
2019-01-28,241.0,26.0,8.0,191.0,,16.0,14.0,126.0,255.0,28.0,4.0,
2019-01-29,168.0,11.0,7.0,136.0,,14.0,56.0,81.0,473.0,43.0,5.0,
2019-01-30,172.0,20.0,18.0,152.0,,11.0,26.0,83.0,425.0,69.0,5.0,
2019-01-31,191.0,8.0,13.0,155.0,,9.0,24.0,90.0,222.0,34.0,2.0,
2019-02-01,190.0,19.0,18.0,165.0,,8.0,4.0,84.0,552.0,63.0,3.0,
2019-02-04,317.0,16.0,5.0,229.0,,10.0,63.0,135.0,629.0,39.0,5.0,
2019-02-05,165.0,13.0,3.0,143.0,,12.0,24.0,103.0,412.0,37.0,,
2019-02-06,194.0,20.0,10.0,138.0,,9.0,43.0,83.0,422.0,35.0,3.0,
2019-02-07,351.0,21.0,9.0,245.0,,12.0,17.0,73.0,451.0,25.0,2.0,
2019-02-08,302.0,17.0,8.0,203.0,,6.0,43.0,107.0,330.0,24.0,3.0,
2019-02-11,431.0,29.0,21.0,303.0,,15.0,24.0,133.0,654.0,55.0,6.0,
2019-02-12,418.0,22.0,8.0,274.0,,23.0,19.0,163.0,409.0,32.0,2.0,
2019-02-13,416.0,34.0,7.0,292.0,,16.0,34.0,145.0,1212.0,48.0,,
2019-02-14,322.0,26.0,11.0,208.0,,12.0,16.0,103.0,478.0,53.0,1.0,
2019-02-15,229.0,20.0,20.0,160.0,,6.0,40.0,126.0,685.0,54.0,3.0,
2019-02-18,233.0,9.0,11.0,117.0,,13.0,24.0,78.0,412.0,55.0,2.0,
2019-02-19,316.0,19.0,25.0,236.0,,16.0,15.0,132.0,444.0,45.0,3.0,
2019-02-20,251.0,21.0,32.0,234.0,,19.0,32.0,97.0,932.0,73.0,5.0,
2019-02-21,382.0,25.0,25.0,276.0,,10.0,17.0,117.0,690.0,69.0,,
2019-02-22,476.0,14.0,15.0,390.0,,17.0,19.0,98.0,627.0,73.0,14.0,
2019-02-25,539.0,26.0,37.0,390.0,,11.0,27.0,112.0,1018.0,69.0,9.0,
2019-02-26,213.0,13.0,12.0,125.0,,6.0,10.0,96.0,260.0,30.0,6.0,
2019-02-27,114.0,14.0,5.0,104.0,,6.0,17.0,64.0,154.0,10.0,8.0,
2019-02-28,144.0,16.0,12.0,110.0,,11.0,22.0,76.0,182.0,8.0,7.0,
2019-03-01,273.0,20.0,11.0,199.0,,16.0,21.0,129.0,430.0,28.0,5.0,
2019-03-04,200.0,15.0,9.0,173.0,,10.0,33.0,80.0,343.0,27.0,5.0,
2019-03-05,156.0,14.0,9.0,117.0,,14.0,9.0,115.0,235.0,21.0,9.0,
2019-03-06,205.0,16.0,6.0,151.0,,17.0,14.0,102.0,348.0,38.0,2.0,
2019-03-07,414.0,14.0,13.0,243.0,,8.0,19.0,131.0,1111.0,49.0,,
2019-03-08,325.0,18.0,8.0,249.0,,13.0,16.0,101.0,519.0,42.0,8.0,
2019-03-11,390.0,19.0,10.0,276.0,,9.0,19.0,96.0,573.0,59.0,5.0,1.0
2019-03-12,179.0,17.0,15.0,154.0,,20.0,15.0,98.0,299.0,35.0,5.0,
2019-03-13,184.0,9.0,14.0,132.0,,6.0,10.0,84.0,583.0,26.0,1.0,
2019-03-14,292.0,21.0,19.0,222.0,,12.0,31.0,121.0,645.0,43.0,10.0,
2019-03-15,476.0,25.0,4.0,328.0,,8.0,23.0,172.0,601.0,38.0,8.0,
2019-03-18,365.0,17.0,21.0,210.0,,8.0,27.0,132.0,984.0,47.0,4.0,
2019-03-19,319.0,27.0,19.0,224.0,,14.0,16.0,99.0,380.0,53.0,5.0,
2019-03-20,317.0,21.0,5.0,225.0,,7.0,32.0,124.0,352.0,35.0,2.0,
2019-03-21,313.0,11.0,8.0,200.0,,8.0,11.0,66.0,452.0,43.0,6.0,
2019-03-22,431.0,15.0,17.0,261.0,,11.0,22.0,101.0,875.0,58.0,2.0,
2019-03-25,477.0,17.0,21.0,297.0,,18.0,44.0,156.0,1128.0,71.0,2.0,
2019-03-26,253.0,15.0,16.0,154.0,,15.0,24.0,94.0,396.0,51.0,12.0,
2019-03-27,161.0,17.0,8.0,112.0,,5.0,33.0,77.0,188.0,16.0,2.0,
2019-03-28,159.0,21.0,9.0,127.0,,7.0,9.0,99.0,197.0,28.0,9.0,
2019-03-29,174.0,11.0,10.0,135.0,,7.0,25.0,62.0,214.0,21.0,1.0,
2019-04-01,222.0,18.0,10.0,144.0,,20.0,11.0,100.0,895.0,62.0,2.0,
2019-04-02,655.0,27.0,8.0,416.0,,20.0,45.0,133.0,463.0,41.0,6.0,
2019-04-03,268.0,26.0,18.0,191.0,,20.0,23.0,94.0,312.0,23.0,6.0,
2019-04-04,192.0,24.0,2.0,189.0,,17.0,25.0,89.0,272.0,28.0,6.0,
2019-04-05,317.0,14.0,14.0,201.0,,6.0,10.0,99.0,483.0,31.0,9.0,
2019-04-08,208.0,15.0,21.0,137.0,,11.0,20.0,83.0,270.0,17.0,7.0,
2019-04-09,254.0,30.0,16.0,188.0,,21.0,19.0,138.0,346.0,36.0,,
2019-04-10,155.0,18.0,9.0,122.0,,14.0,14.0,73.0,376.0,40.0,,
2019-04-11,356.0,20.0,9.0,245.0,,15.0,14.0,138.0,284.0,35.0,7.0,
2019-04-12,231.0,20.0,19.0,194.0,,11.0,13.0,63.0,558.0,41.0,3.0,
2019-04-15,175.0,18.0,10.0,128.0,,11.0,16.0,92.0,507.0,35.0,2.0,
2019-04-16,305.0,26.0,29.0,245.0,,11.0,24.0,108.0,361.0,32.0,1.0,
2019-04-17,341.0,18.0,14.0,243.0,,17.0,13.0,91.0,343.0,23.0,6.0,
2019-04-18,356.0,14.0,17.0,263.0,,14.0,20.0,114.0,637.0,58.0,4.0,
2019-04-19,485.0,13.0,6.0,385.0,,3.0,5.0,40.0,834.0,28.0,3.0,
2019-04-22,82.0,2.0,4.0,66.0,,1.0,4.0,20.0,102.0,13.0,,
2019-04-23,420.0,25.0,28.0,321.0,,15.0,22.0,141.0,603.0,48.0,5.0,
2019-04-24,235.0,18.0,8.0,164.0,,19.0,32.0,96.0,611.0,42.0,7.0,
2019-04-25,345.0,19.0,20.0,246.0,,14.0,10.0,139.0,639.0,49.0,1.0,
2019-04-26,170.0,12.0,1.0,103.0,,10.0,13.0,83.0,152.0,24.0,3.0,
2019-04-29,176.0,17.0,9.0,125.0,,15.0,7.0,84.0,174.0,16.0,4.0,
2019-04-30,168.0,16.0,9.0,123.0,,16.0,101.0,30.0,163.0,17.0,4.0,
2019-05-01,39.0,3.0,4.0,39.0,,2.0,,4.0,209.0,4.0,1.0,
2019-05-02,202.0,14.0,17.0,153.0,,10.0,19.0,87.0,286.0,31.0,4.0,
2019-05-03,191.0,31.0,15.0,164.0,,18.0,39.0,138.0,399.0,49.0,2.0,
2019-05-06,223.0,22.0,9.0,199.0,,12.0,28.0,99.0,362.0,33.0,1.0,
2019-05-07,240.0,14.0,15.0,128.0,,10.0,9.0,118.0,321.0,21.0,5.0,
2019-05-08,169.0,11.0,13.0,105.0,,4.0,37.0,77.0,208.0,10.0,1.0,
2019-05-09,206.0,16.0,3.0,172.0,,14.0,16.0,79.0,419.0,36.0,1.0,
2019-05-10,285.0,11.0,12.0,255.0,,18.0,22.0,87.0,290.0,39.0,2.0,
2019-05-13,368.0,15.0,8.0,281.0,,21.0,20.0,137.0,802.0,35.0,4.0,
2019-05-14,1166.0,24.0,9.0,993.0,,16.0,30.0,151.0,505.0,57.0,1.0,
2019-05-15,439.0,13.0,5.0,364.0,,16.0,14.0,118.0,485.0,34.0,2.0,
2019-05-16,194.0,13.0,14.0,131.0,,8.0,16.0,110.0,359.0,23.0,9.0,
2019-05-17,340.0,25.0,21.0,265.0,,20.0,23.0,114.0,505.0,36.0,3.0,
2019-05-20,343.0,27.0,20.0,233.0,,10.0,11.0,102.0,332.0,45.0,5.0,
2019-05-21,370.0,22.0,15.0,296.0,,22.0,15.0,137.0,781.0,43.0,2.0,
2019-05-22,227.0,16.0,11.0,157.0,,14.0,17.0,114.0,391.0,48.0,2.0,
2019-05-23,367.0,17.0,13.0,299.0,,22.0,22.0,145.0,433.0,43.0,3.0,
2019-05-24,592.0,31.0,22.0,463.0,,21.0,26.0,120.0,1275.0,76.0,6.0,
2019-05-27,404.0,20.0,7.0,291.0,,23.0,28.0,93.0,365.0,26.0,2.0,
2019-05-28,136.0,14.0,10.0,104.0,,9.0,5.0,91.0,169.0,17.0,9.0,
2019-05-29,226.0,10.0,10.0,177.0,,11.0,11.0,52.0,206.0,20.0,2.0,
2019-05-30,43.0,3.0,2.0,24.0,,,1.0,6.0,22.0,2.0,3.0,
2019-05-31,146.0,15.0,7.0,151.0,,4.0,20.0,113.0,108.0,4.0,2.0,
2019-06-01,17.0,,1.0,4.0,,2.0,1.0,12.0,129.0,7.0,,
2019-06-03,196.0,10.0,9.0,163.0,,10.0,21.0,82.0,435.0,58.0,3.0,
2019-06-04,283.0,16.0,15.0,208.0,,13.0,25.0,99.0,463.0,49.0,13.0,
2019-06-05,225.0,20.0,18.0,163.0,,20.0,19.0,101.0,320.0,31.0,4.0,
2019-06-06,296.0,23.0,12.0,206.0,,13.0,9.0,110.0,238.0,20.0,1.0,
2019-06-07,498.0,24.0,14.0,390.0,,16.0,16.0,94.0,430.0,18.0,6.0,
2019-06-10,69.0,6.0,3.0,49.0,,4.0,1.0,20.0,112.0,11.0,1.0,
2019-06-11,240.0,17.0,8.0,172.0,,17.0,20.0,141.0,333.0,24.0,2.0,
2019-06-12,305.0,16.0,18.0,236.0,,14.0,13.0,86.0,377.0,50.0,3.0,
2019-06-13,385.0,10.0,5.0,228.0,,13.0,25.0,144.0,813.0,44.0,2.0,
2019-06-14,228.0,11.0,12.0,192.0,,10.0,10.0,126.0,592.0,43.0,4.0,
2019-06-17,315.0,22.0,19.0,218.0,,9.0,17.0,119.0,382.0,31.0,2.0,
2019-06-18,287.0,18.0,15.0,217.0,,13.0,14.0,100.0,326.0,35.0,8.0,
2019-06-19,334.0,25.0,20.0,276.0,,12.0,21.0,117.0,717.0,42.0,3.0,
2019-06-20,104.0,13.0,5.0,99.0,,8.0,7.0,9.0,161.0,12.0,2.0,
2019-06-21,188.0,12.0,13.0,164.0,,7.0,13.0,104.0,302.0,36.0,8.0,
2019-06-24,371.0,18.0,30.0,325.0,,14.0,14.0,113.0,657.0,39.0,5.0,
2019-06-25,582.0,17.0,20.0,419.0,,23.0,26.0,129.0,976.0,81.0,2.0,
2019-06-26,297.0,18.0,10.0,252.0,,19.0,25.0,75.0,314.0,38.0,3.0,
2019-06-27,174.0,6.0,19.0,127.0,,17.0,12.0,111.0,192.0,19.0,2.0,
2019-06-28,126.0,20.0,4.0,91.0,,10.0,9.0,66.0,176.0,14.0,5.0,
2019-07-01,205.0,7.0,7.0,169.0,3.0,17.0,10.0,84.0,449.0,29.0,3.0,
2019-07-02,166.0,16.0,16.0,160.0,,14.0,19.0,113.0,198.0,8.0,3.0,
2019-07-03,214.0,11.0,7.0,201.0,,19.0,9.0,78.0,178.0,12.0,4.0,
2019-07-04,255.0,8.0,9.0,229.0,1.0,20.0,12.0,104.0,218.0,31.0,4.0,
2019-07-05,363.0,22.0,17.0,283.0,,20.0,26.0,107.0,269.0,23.0,1.0,
2019-07-08,177.0,17.0,4.0,140.0,4.0,13.0,9.0,81.0,224.0,33.0,3.0,
2019-07-09,156.0,10.0,7.0,125.0,4.0,19.0,18.0,84.0,208.0,24.0,1.0,
2019-07-10,232.0,16.0,26.0,192.0,2.0,18.0,14.0,101.0,263.0,33.0,3.0,
2019-07-11,318.0,14.0,10.0,211.0,,21.0,17.0,113.0,340.0,36.0,5.0,
2019-07-12,108.0,10.0,10.0,100.0,7.0,18.0,9.0,121.0,193.0,22.0,,
2019-07-15,315.0,14.0,5.0,269.0,,15.0,40.0,150.0,442.0,41.0,,
2019-07-16,222.0,20.0,6.0,215.0,1.0,24.0,12.0,132.0,391.0,58.0,3.0,
2019-07-17,278.0,13.0,14.0,225.0,2.0,18.0,35.0,137.0,424.0,47.0,5.0,
2019-07-18,454.0,14.0,19.0,312.0,1.0,8.0,17.0,183.0,850.0,29.0,,
2019-07-19,542.0,16.0,13.0,466.0,2.0,20.0,17.0,128.0,503.0,56.0,,
2019-07-22,211.0,11.0,29.0,172.0,6.0,20.0,29.0,105.0,649.0,62.0,,
2019-07-23,298.0,27.0,22.0,243.0,,11.0,23.0,89.0,579.0,48.0,3.0,
2019-07-24,375.0,16.0,14.0,244.0,2.0,17.0,21.0,133.0,685.0,53.0,11.0,
2019-07-25,504.0,11.0,19.0,353.0,2.0,22.0,26.0,129.0,602.0,61.0,1.0,
2019-07-26,307.0,7.0,16.0,268.0,3.0,12.0,9.0,45.0,170.0,9.0,2.0,
2019-07-29,66.0,6.0,5.0,51.0,2.0,7.0,5.0,59.0,76.0,3.0,1.0,
2019-07-30,155.0,9.0,14.0,141.0,2.0,13.0,22.0,103.0,131.0,10.0,12.0,
2019-07-31,150.0,11.0,10.0,128.0,1.0,17.0,16.0,69.0,176.0,22.0,7.0,
2019-08-01,286.0,13.0,26.0,189.0,1.0,9.0,12.0,132.0,451.0,63.0,2.0,
2019-08-02,384.0,18.0,2.0,330.0,3.0,9.0,18.0,90.0,296.0,29.0,3.0,
2019-08-05,248.0,11.0,19.0,199.0,3.0,10.0,22.0,122.0,372.0,36.0,9.0,
2019-08-06,383.0,16.0,11.0,268.0,1.0,23.0,4.0,117.0,383.0,42.0,2.0,
2019-08-07,246.0,21.0,23.0,178.0,4.0,20.0,19.0,97.0,246.0,21.0,5.0,
2019-08-08,425.0,20.0,8.0,315.0,3.0,14.0,16.0,169.0,283.0,29.0,9.0,1.0
2019-08-09,308.0,29.0,14.0,241.0,1.0,17.0,5.0,83.0,283.0,45.0,3.0,10.0
2019-08-12,288.0,7.0,9.0,238.0,6.0,18.0,23.0,94.0,718.0,22.0,4.0,
2019-08-13,153.0,8.0,16.0,116.0,2.0,17.0,15.0,101.0,229.0,7.0,2.0,
2019-08-14,215.0,7.0,1.0,186.0,,15.0,6.0,83.0,220.0,24.0,2.0,
2019-08-15,147.0,11.0,21.0,131.0,4.0,14.0,16.0,65.0,256.0,22.0,2.0,
2019-08-16,140.0,19.0,10.0,123.0,5.0,17.0,13.0,90.0,422.0,39.0,1.0,
2019-08-19,243.0,9.0,15.0,176.0,,21.0,1.0,97.0,482.0,41.0,2.0,
2019-08-20,360.0,16.0,13.0,315.0,4.0,19.0,18.0,118.0,416.0,44.0,5.0,
2019-08-21,521.0,11.0,17.0,424.0,2.0,20.0,12.0,98.0,358.0,49.0,1.0,
2019-08-22,541.0,9.0,19.0,378.0,5.0,14.0,17.0,118.0,485.0,28.0,3.0,
2019-08-23,322.0,12.0,27.0,243.0,7.0,13.0,10.0,108.0,531.0,44.0,3.0,
2019-08-26,221.0,4.0,12.0,129.0,4.0,19.0,14.0,74.0,116.0,9.0,1.0,1.0
2019-08-27,161.0,9.0,5.0,130.0,,15.0,7.0,101.0,142.0,16.0,1.0,
2019-08-28,124.0,6.0,4.0,96.0,3.0,15.0,13.0,58.0,135.0,10.0,1.0,
2019-08-29,216.0,17.0,14.0,176.0,4.0,9.0,18.0,67.0,188.0,17.0,1.0,
2019-08-30,208.0,10.0,19.0,175.0,4.0,16.0,34.0,71.0,129.0,6.0,,
2019-09-01,16.0,,3.0,8.0,,1.0,1.0,9.0,159.0,8.0,,
2019-09-02,285.0,13.0,16.0,229.0,4.0,12.0,16.0,103.0,308.0,35.0,2.0,
2019-09-03,239.0,14.0,15.0,209.0,3.0,24.0,23.0,119.0,436.0,46.0,1.0,
2019-09-04,271.0,14.0,15.0,208.0,,29.0,19.0,125.0,232.0,25.0,3.0,
2019-09-05,189.0,18.0,18.0,138.0,4.0,15.0,26.0,124.0,248.0,36.0,,
2019-09-06,248.0,10.0,9.0,214.0,5.0,11.0,30.0,79.0,487.0,30.0,4.0,
2019-09-09,249.0,17.0,30.0,164.0,2.0,11.0,30.0,101.0,427.0,32.0,1.0,
2019-09-10,471.0,19.0,9.0,350.0,3.0,23.0,11.0,110.0,241.0,28.0,,
2019-09-11,565.0,19.0,16.0,429.0,3.0,28.0,17.0,159.0,1095.0,31.0,,
2019-09-12,364.0,22.0,12.0,299.0,,20.0,13.0,122.0,348.0,52.0,3.0,
2019-09-13,402.0,19.0,23.0,274.0,1.0,18.0,21.0,160.0,396.0,58.0,4.0,10.0
2019-09-16,193.0,21.0,25.0,169.0,5.0,19.0,14.0,92.0,558.0,28.0,4.0,
2019-09-17,330.0,28.0,23.0,228.0,3.0,14.0,13.0,97.0,426.0,29.0,4.0,
2019-09-18,228.0,11.0,10.0,159.0,3.0,24.0,12.0,106.0,288.0,23.0,3.0,
2019-09-19,488.0,10.0,12.0,450.0,3.0,15.0,17.0,159.0,415.0,26.0,2.0,1.0
2019-09-20,282.0,22.0,10.0,236.0,3.0,30.0,16.0,96.0,439.0,24.0,7.0,
2019-09-23,539.0,19.0,31.0,549.0,1.0,35.0,29.0,137.0,980.0,91.0,4.0,
2019-09-24,437.0,15.0,37.0,325.0,3.0,33.0,28.0,129.0,490.0,71.0,8.0,
2019-09-25,505.0,25.0,17.0,456.0,1.0,27.0,17.0,115.0,639.0,39.0,2.0,
2019-09-26,220.0,13.0,6.0,142.0,,17.0,1.0,54.0,230.0,36.0,3.0,
2019-09-27,130.0,12.0,17.0,109.0,3.0,10.0,20.0,107.0,118.0,13.0,2.0,
2019-09-30,133.0,14.0,8.0,107.0,2.0,22.0,7.0,70.0,149.0,7.0,,
2019-10-01,233.0,11.0,28.0,192.0,5.0,23.0,19.0,107.0,495.0,50.0,4.0,
2019-10-02,154.0,6.0,22.0,152.0,9.0,14.0,23.0,85.0,262.0,40.0,1.0,
2019-10-03,180.0,9.0,5.0,142.0,2.0,4.0,10.0,29.0,225.0,17.0,2.0,
2019-10-04,310.0,19.0,12.0,247.0,,20.0,16.0,123.0,478.0,45.0,5.0,
2019-10-07,203.0,23.0,26.0,168.0,1.0,22.0,16.0,118.0,259.0,19.0,3.0,
2019-10-08,174.0,23.0,9.0,133.0,5.0,19.0,16.0,113.0,304.0,36.0,4.0,
2019-10-09,251.0,20.0,16.0,217.0,5.0,24.0,21.0,115.0,429.0,40.0,2.0,
2019-10-10,221.0,6.0,25.0,158.0,6.0,19.0,22.0,136.0,245.0,25.0,5.0,
2019-10-11,381.0,21.0,16.0,293.0,2.0,27.0,15.0,64.0,491.0,42.0,3.0,
2019-10-14,169.0,14.0,7.0,133.0,2.0,19.0,16.0,66.0,320.0,21.0,4.0,
2019-10-15,212.0,12.0,10.0,185.0,5.0,25.0,31.0,117.0,531.0,43.0,4.0,
2019-10-16,241.0,22.0,11.0,185.0,5.0,16.0,26.0,109.0,382.0,37.0,1.0,
2019-10-17,301.0,21.0,26.0,228.0,1.0,22.0,22.0,110.0,301.0,29.0,5.0,
2019-10-18,234.0,8.0,38.0,204.0,1.0,19.0,17.0,98.0,1434.0,49.0,2.0,
2019-10-21,249.0,20.0,35.0,239.0,2.0,16.0,25.0,84.0,797.0,54.0,2.0,
2019-10-22,253.0,7.0,9.0,185.0,2.0,24.0,25.0,94.0,498.0,49.0,8.0,
2019-10-23,168.0,8.0,28.0,140.0,11.0,24.0,29.0,79.0,678.0,57.0,1.0,
2019-10-24,487.0,23.0,9.0,452.0,6.0,18.0,15.0,121.0,520.0,45.0,4.0,
2019-10-25,497.0,29.0,44.0,393.0,4.0,26.0,25.0,113.0,950.0,54.0,10.0,
2019-10-28,180.0,17.0,15.0,143.0,,11.0,20.0,67.0,207.0,29.0,3.0,1.0
2019-10-29,146.0,8.0,8.0,115.0,1.0,16.0,16.0,72.0,195.0,19.0,1.0,
2019-10-30,141.0,14.0,12.0,120.0,,18.0,15.0,66.0,152.0,22.0,1.0,
2019-10-31,135.0,12.0,12.0,113.0,7.0,10.0,18.0,74.0,222.0,23.0,1.0,
2019-11-01,83.0,6.0,12.0,67.0,6.0,8.0,10.0,66.0,321.0,17.0,,
2019-11-04,207.0,9.0,30.0,162.0,5.0,15.0,31.0,101.0,321.0,26.0,5.0,
2019-11-05,126.0,12.0,8.0,138.0,,22.0,14.0,77.0,400.0,38.0,1.0,
2019-11-06,337.0,14.0,7.0,243.0,,21.0,12.0,86.0,392.0,58.0,5.0,
2019-11-07,140.0,12.0,24.0,119.0,,18.0,21.0,88.0,456.0,32.0,2.0,
2019-11-08,244.0,13.0,10.0,179.0,2.0,12.0,11.0,77.0,502.0,24.0,6.0,
2019-11-11,260.0,11.0,40.0,212.0,2.0,23.0,24.0,85.0,355.0,49.0,4.0,1.0
2019-11-12,172.0,7.0,16.0,135.0,2.0,15.0,18.0,63.0,359.0,20.0,3.0,
2019-11-13,227.0,12.0,9.0,212.0,4.0,10.0,16.0,103.0,443.0,40.0,2.0,
2019-11-14,189.0,11.0,24.0,113.0,1.0,26.0,17.0,84.0,316.0,38.0,1.0,
2019-11-15,339.0,17.0,22.0,265.0,3.0,22.0,26.0,109.0,824.0,54.0,,
2019-11-18,228.0,12.0,12.0,186.0,2.0,16.0,48.0,74.0,1051.0,137.0,3.0,
2019-11-19,252.0,11.0,11.0,202.0,1.0,20.0,19.0,98.0,406.0,43.0,,
2019-11-20,255.0,19.0,45.0,162.0,,26.0,13.0,128.0,315.0,24.0,5.0,
2019-11-21,331.0,16.0,29.0,271.0,3.0,20.0,32.0,113.0,463.0,53.0,,
2019-11-22,489.0,25.0,42.0,412.0,3.0,22.0,33.0,116.0,1121.0,59.0,7.0,
2019-11-25,680.0,22.0,33.0,469.0,4.0,35.0,35.0,254.0,983.0,51.0,3.0,
2019-11-26,298.0,13.0,16.0,224.0,2.0,21.0,14.0,68.0,325.0,46.0,3.0,
2019-11-27,134.0,19.0,14.0,101.0,4.0,15.0,16.0,63.0,147.0,10.0,4.0,
2019-11-28,126.0,14.0,7.0,121.0,4.0,17.0,11.0,87.0,147.0,8.0,2.0,
2019-11-29,132.0,15.0,14.0,107.0,,9.0,25.0,57.0,199.0,18.0,3.0,
2019-12-01,17.0,1.0,1.0,4.0,,2.0,,3.0,199.0,8.0,,
2019-12-02,126.0,5.0,17.0,95.0,2.0,11.0,21.0,47.0,345.0,41.0,3.0,
2019-12-03,268.0,15.0,35.0,227.0,3.0,25.0,38.0,113.0,560.0,49.0,5.0,
2019-12-04,188.0,16.0,21.0,161.0,3.0,23.0,30.0,89.0,293.0,16.0,7.0,
2019-12-05,195.0,15.0,20.0,148.0,3.0,15.0,17.0,73.0,299.0,42.0,10.0,
2019-12-06,162.0,9.0,12.0,143.0,3.0,15.0,13.0,63.0,212.0,21.0,4.0,
2019-12-09,191.0,16.0,14.0,152.0,2.0,21.0,22.0,83.0,399.0,36.0,4.0,
2019-12-10,234.0,38.0,10.0,198.0,1.0,18.0,25.0,105.0,412.0,29.0,9.0,1.0
2019-12-11,355.0,16.0,23.0,338.0,1.0,20.0,23.0,75.0,485.0,53.0,3.0,
2019-12-12,250.0,16.0,17.0,184.0,,22.0,25.0,88.0,421.0,32.0,4.0,
2019-12-13,126.0,8.0,11.0,122.0,1.0,12.0,23.0,83.0,457.0,37.0,1.0,
2019-12-16,241.0,11.0,4.0,194.0,,16.0,11.0,41.0,373.0,28.0,4.0,1.0
2019-12-17,280.0,10.0,19.0,241.0,2.0,24.0,20.0,64.0,581.0,39.0,5.0,
2019-12-18,573.0,25.0,21.0,437.0,3.0,25.0,22.0,191.0,590.0,69.0,4.0,
2019-12-19,250.0,11.0,26.0,175.0,3.0,24.0,11.0,81.0,568.0,46.0,1.0,
2019-12-20,301.0,13.0,25.0,215.0,,18.0,25.0,99.0,1397.0,26.0,1.0,
2019-12-23,218.0,13.0,38.0,209.0,1.0,9.0,23.0,68.0,125.0,21.0,4.0,
2019-12-24,6.0,3.0,,7.0,,,,,,,,
2019-12-26,7.0,2.0,,3.0,,,,,24.0,1.0,,
2019-12-27,55.0,2.0,,34.0,,1.0,,,22.0,1.0,3.0,
2019-12-30,80.0,7.0,35.0,66.0,4.0,9.0,36.0,107.0,133.0,8.0,1.0,
2019-12-31,16.0,,,12.0,,,,,24.0,1.0,1.0,
2020-01-01,21.0,,4.0,10.0,,2.0,1.0,3.0,130.0,5.0,1.0,
2020-01-02,139.0,13.0,7.0,104.0,4.0,9.0,9.0,84.0,278.0,40.0,5.0,
2020-01-03,205.0,12.0,14.0,161.0,1.0,17.0,13.0,61.0,438.0,23.0,4.0,
2020-01-06,106.0,7.0,21.0,111.0,7.0,11.0,24.0,56.0,364.0,30.0,4.0,
2020-01-07,177.0,12.0,17.0,151.0,6.0,18.0,27.0,89.0,366.0,28.0,3.0,
2020-01-08,256.0,8.0,16.0,218.0,8.0,16.0,36.0,81.0,423.0,67.0,5.0,
2020-01-09,209.0,11.0,36.0,160.0,7.0,22.0,22.0,65.0,424.0,57.0,,
2020-01-10,191.0,10.0,11.0,169.0,16.0,32.0,27.0,69.0,441.0,26.0,4.0,
2020-01-13,247.0,10.0,10.0,211.0,9.0,29.0,31.0,79.0,461.0,40.0,2.0,
2020-01-14,220.0,15.0,6.0,162.0,5.0,15.0,25.0,85.0,388.0,27.0,4.0,
2020-01-15,209.0,21.0,16.0,153.0,9.0,23.0,98.0,68.0,406.0,61.0,2.0,
2020-01-16,192.0,13.0,49.0,157.0,15.0,16.0,33.0,84.0,511.0,42.0,5.0,
2020-01-17,346.0,12.0,13.0,275.0,11.0,26.0,36.0,104.0,738.0,41.0,4.0,
2020-01-20,266.0,9.0,26.0,205.0,12.0,31.0,26.0,109.0,744.0,82.0,7.0,
2020-01-21,236.0,17.0,23.0,234.0,18.0,28.0,24.0,80.0,1003.0,43.0,4.0,
2020-01-22,250.0,9.0,8.0,186.0,12.0,27.0,32.0,106.0,475.0,43.0,3.0,
2020-01-23,380.0,17.0,16.0,337.0,12.0,32.0,30.0,97.0,606.0,54.0,5.0,
2020-01-24,421.0,8.0,52.0,317.0,6.0,27.0,48.0,99.0,925.0,52.0,2.0,
2020-01-27,251.0,13.0,16.0,185.0,6.0,14.0,31.0,81.0,365.0,31.0,2.0,
2020-01-28,134.0,9.0,13.0,116.0,7.0,13.0,34.0,81.0,193.0,24.0,4.0,
2020-01-29,132.0,13.0,25.0,112.0,12.0,13.0,40.0,55.0,198.0,23.0,3.0,
2020-01-30,107.0,19.0,11.0,98.0,10.0,11.0,24.0,73.0,312.0,18.0,1.0,
2020-01-31,123.0,17.0,19.0,95.0,19.0,12.0,33.0,58.0,243.0,18.0,,
2020-02-01,9.0,,1.0,6.0,1.0,2.0,,21.0,219.0,8.0,,
2020-02-03,258.0,11.0,5.0,212.0,3.0,30.0,21.0,83.0,478.0,44.0,1.0,
2020-02-04,155.0,9.0,11.0,106.0,2.0,19.0,18.0,89.0,402.0,31.0,4.0,
2020-02-05,275.0,19.0,32.0,221.0,6.0,25.0,26.0,95.0,445.0,35.0,4.0,
2020-02-06,218.0,12.0,18.0,154.0,11.0,23.0,28.0,95.0,430.0,43.0,4.0,
2020-02-07,253.0,13.0,14.0,169.0,,16.0,39.0,72.0,556.0,38.0,5.0,
2020-02-10,182.0,19.0,17.0,153.0,13.0,14.0,44.0,92.0,559.0,49.0,2.0,
2020-02-11,150.0,14.0,22.0,128.0,8.0,12.0,25.0,70.0,341.0,23.0,8.0,
2020-02-12,247.0,13.0,18.0,211.0,10.0,16.0,48.0,73.0,663.0,50.0,2.0,
2020-02-13,161.0,7.0,37.0,106.0,7.0,16.0,20.0,62.0,347.0,19.0,5.0,
2020-02-14,270.0,24.0,12.0,231.0,10.0,24.0,21.0,68.0,584.0,39.0,17.0,
2020-02-17,370.0,17.0,26.0,307.0,2.0,24.0,19.0,112.0,605.0,60.0,14.0,
2020-02-18,454.0,14.0,11.0,198.0,5.0,23.0,24.0,70.0,357.0,25.0,5.0,
2020-02-19,345.0,12.0,19.0,231.0,4.0,30.0,25.0,77.0,853.0,52.0,46.0,
2020-02-20,147.0,12.0,22.0,113.0,7.0,17.0,20.0,73.0,371.0,20.0,1.0,
2020-02-21,467.0,16.0,22.0,381.0,13.0,25.0,33.0,74.0,515.0,36.0,5.0,
2020-02-24,217.0,9.0,22.0,188.0,7.0,22.0,20.0,81.0,1687.0,54.0,2.0,
2020-02-25,583.0,20.0,42.0,405.0,7.0,29.0,16.0,110.0,600.0,58.0,4.0,
2020-02-26,189.0,23.0,13.0,139.0,5.0,20.0,13.0,65.0,421.0,40.0,6.0,
2020-02-27,113.0,10.0,10.0,91.0,3.0,15.0,28.0,43.0,211.0,26.0,9.0,
2020-02-28,108.0,11.0,10.0,87.0,5.0,10.0,12.0,48.0,138.0,9.0,2.0,
2020-03-01,4.0,,,,,2.0,2.0,,122.0,6.0,,
2020-03-02,182.0,13.0,20.0,148.0,7.0,10.0,32.0,57.0,521.0,47.0,3.0,
2020-03-03,240.0,11.0,11.0,145.0,3.0,27.0,2.0,42.0,329.0,26.0,6.0,
2020-03-04,206.0,17.0,17.0,191.0,4.0,22.0,13.0,69.0,280.0,45.0,,
2020-03-05,166.0,8.0,21.0,150.0,4.0,22.0,28.0,64.0,431.0,70.0,2.0,
2020-03-06,312.0,18.0,12.0,252.0,4.0,27.0,19.0,98.0,410.0,27.0,2.0,
2020-03-09,159.0,9.0,5.0,124.0,6.0,21.0,13.0,75.0,403.0,22.0,1.0,
2020-03-10,190.0,14.0,18.0,173.0,11.0,15.0,27.0,79.0,356.0,32.0,5.0,
2020-03-11,200.0,12.0,19.0,201.0,6.0,14.0,8.0,55.0,368.0,32.0,8.0,
2020-03-12,201.0,7.0,15.0,138.0,2.0,18.0,18.0,45.0,398.0,30.0,2.0,
2020-03-13,142.0,17.0,10.0,123.0,2.0,18.0,13.0,65.0,434.0,35.0,4.0,
2020-03-16,227.0,17.0,6.0,361.0,2.0,20.0,11.0,83.0,527.0,29.0,,
2020-03-17,243.0,9.0,31.0,134.0,5.0,18.0,16.0,58.0,453.0,30.0,,
2020-03-18,158.0,9.0,15.0,95.0,6.0,24.0,16.0,52.0,352.0,39.0,3.0,
2020-03-19,162.0,8.0,19.0,129.0,4.0,15.0,11.0,43.0,188.0,22.0,7.0,
2020-03-20,116.0,5.0,14.0,95.0,3.0,16.0,12.0,52.0,387.0,22.0,11.0,
2020-03-23,159.0,7.0,,205.0,1.0,2.0,3.0,31.0,1160.0,45.0,2.0,
2020-03-24,104.0,2.0,7.0,69.0,9.0,15.0,19.0,52.0,365.0,46.0,3.0,
2020-03-25,166.0,3.0,5.0,117.0,5.0,24.0,18.0,48.0,704.0,40.0,3.0,
2020-03-26,53.0,2.0,37.0,41.0,3.0,4.0,11.0,30.0,121.0,15.0,1.0,
2020-03-27,26.0,4.0,2.0,22.0,,4.0,4.0,27.0,76.0,7.0,,
2020-03-30,35.0,8.0,3.0,27.0,1.0,4.0,8.0,24.0,65.0,13.0,,
2020-03-31,39.0,8.0,3.0,24.0,1.0,3.0,2.0,24.0,65.0,6.0,2.0,
2020-04-01,42.0,4.0,6.0,36.0,2.0,2.0,1.0,21.0,169.0,12.0,1.0,
2020-04-02,37.0,1.0,1.0,41.0,1.0,4.0,6.0,25.0,106.0,10.0,,
2020-04-03,56.0,3.0,11.0,49.0,,10.0,7.0,30.0,100.0,9.0,1.0,
2020-04-06,107.0,5.0,5.0,94.0,2.0,18.0,11.0,45.0,239.0,20.0,2.0,
2020-04-07,357.0,2.0,7.0,424.0,,5.0,5.0,32.0,128.0,22.0,,
2020-04-08,34.0,2.0,12.0,31.0,,7.0,1.0,13.0,141.0,13.0,,
2020-04-09,90.0,5.0,3.0,32.0,,7.0,,13.0,82.0,13.0,1.0,
2020-04-10,23.0,1.0,1.0,21.0,,,,4.0,122.0,3.0,,
2020-04-13,,,,,,,,,14.0,,,
2020-04-14,93.0,6.0,14.0,59.0,,5.0,7.0,47.0,208.0,17.0,1.0,
2020-04-15,87.0,4.0,4.0,77.0,2.0,8.0,8.0,35.0,248.0,36.0,2.0,
2020-04-16,210.0,6.0,5.0,161.0,,13.0,3.0,94.0,247.0,11.0,,
2020-04-17,42.0,6.0,8.0,32.0,2.0,9.0,13.0,22.0,120.0,8.0,1.0,
2020-04-20,55.0,3.0,4.0,35.0,4.0,14.0,5.0,22.0,275.0,15.0,1.0,
2020-04-21,44.0,4.0,1.0,44.0,,5.0,7.0,13.0,371.0,17.0,,
2020-04-22,121.0,2.0,15.0,75.0,,12.0,5.0,23.0,244.0,38.0,1.0,
2020-04-23,147.0,4.0,3.0,128.0,1.0,8.0,73.0,27.0,586.0,62.0,,
2020-04-24,158.0,2.0,18.0,122.0,,9.0,6.0,38.0,391.0,21.0,1.0,
2020-04-25,,,,2.0,,,,,5.0,,,
2020-04-27,69.0,7.0,17.0,38.0,2.0,10.0,12.0,13.0,611.0,64.0,1.0,
2020-04-28,1226.0,7.0,10.0,1274.0,4.0,6.0,13.0,34.0,113.0,27.0,,
2020-04-29,32.0,1.0,1.0,33.0,,3.0,2.0,7.0,51.0,7.0,,
2020-04-30,80.0,12.0,,64.0,1.0,7.0,11.0,39.0,114.0,10.0,,
2020-05-01,1.0,,,2.0,,,1.0,,33.0,4.0,,
2020-05-04,72.0,3.0,3.0,50.0,,9.0,8.0,25.0,229.0,49.0,2.0,
2020-05-05,139.0,2.0,25.0,111.0,3.0,11.0,7.0,31.0,161.0,12.0,2.0,
2020-05-06,51.0,6.0,11.0,51.0,2.0,6.0,9.0,10.0,332.0,24.0,1.0,
2020-05-07,109.0,6.0,11.0,102.0,3.0,9.0,12.0,43.0,216.0,8.0,,
2020-05-08,61.0,2.0,1.0,46.0,3.0,10.0,14.0,27.0,147.0,6.0,,
2020-05-11,57.0,8.0,24.0,50.0,,5.0,,21.0,195.0,35.0,1.0,
2020-05-12,116.0,5.0,4.0,81.0,,15.0,6.0,36.0,280.0,16.0,19.0,
2020-05-13,39.0,2.0,11.0,39.0,2.0,7.0,6.0,27.0,388.0,13.0,,
2020-05-14,131.0,6.0,16.0,128.0,2.0,11.0,13.0,39.0,218.0,15.0,,
2020-05-15,75.0,4.0,12.0,50.0,3.0,9.0,18.0,29.0,348.0,30.0,3.0,
2020-05-16,,,,,,,,,,,8.0,
2020-05-18,117.0,11.0,2.0,107.0,3.0,14.0,13.0,41.0,432.0,39.0,,
2020-05-19,65.0,2.0,19.0,59.0,,12.0,12.0,33.0,515.0,28.0,2.0,
2020-05-20,141.0,7.0,4.0,113.0,2.0,8.0,17.0,39.0,857.0,39.0,1.0,
2020-05-21,96.0,3.0,,46.0,,1.0,,16.0,122.0,13.0,1.0,
2020-05-22,175.0,8.0,2.0,146.0,,13.0,3.0,18.0,453.0,26.0,2.0,
2020-05-25,248.0,6.0,9.0,156.0,4.0,28.0,26.0,48.0,783.0,37.0,6.0,
2020-05-26,92.0,6.0,12.0,71.0,4.0,10.0,14.0,34.0,309.0,14.0,,
2020-05-27,104.0,4.0,10.0,85.0,4.0,8.0,28.0,46.0,284.0,22.0,7.0,
2020-05-28,72.0,4.0,2.0,63.0,7.0,12.0,30.0,37.0,163.0,9.0,,
2020-05-29,54.0,8.0,8.0,52.0,1.0,12.0,1.0,24.0,133.0,8.0,11.0,
2020-06-01,36.0,4.0,,22.0,1.0,1.0,,7.0,391.0,10.0,1.0,
2020-06-02,189.0,8.0,7.0,140.0,3.0,15.0,18.0,92.0,350.0,21.0,2.0,
2020-06-03,204.0,7.0,22.0,163.0,9.0,22.0,25.0,83.0,533.0,34.0,2.0,
2020-06-04,139.0,12.0,16.0,107.0,9.0,18.0,21.0,67.0,684.0,25.0,2.0,
2020-06-05,140.0,6.0,17.0,130.0,3.0,8.0,30.0,64.0,524.0,22.0,3.0,
2020-06-08,93.0,6.0,6.0,67.0,4.0,9.0,15.0,25.0,326.0,13.0,2.0,
2020-06-09,135.0,5.0,3.0,101.0,3.0,7.0,7.0,42.0,386.0,43.0,3.0,
2020-06-10,156.0,11.0,8.0,129.0,1.0,16.0,19.0,57.0,741.0,40.0,2.0,
2020-06-11,49.0,2.0,1.0,38.0,,,1.0,3.0,275.0,7.0,,
2020-06-12,92.0,10.0,4.0,79.0,,4.0,5.0,3.0,529.0,24.0,2.0,
2020-06-15,128.0,5.0,39.0,85.0,10.0,9.0,39.0,91.0,982.0,49.0,1.0,
2020-06-16,175.0,10.0,18.0,128.0,7.0,19.0,36.0,42.0,797.0,92.0,,
2020-06-17,131.0,16.0,13.0,111.0,3.0,15.0,11.0,64.0,734.0,35.0,3.0,
2020-06-18,237.0,15.0,4.0,152.0,10.0,18.0,33.0,61.0,378.0,22.0,1.0,
2020-06-19,309.0,11.0,12.0,200.0,4.0,27.0,23.0,77.0,766.0,39.0,5.0,
2020-06-22,232.0,8.0,29.0,159.0,,24.0,9.0,56.0,545.0,37.0,1.0,
2020-06-23,200.0,12.0,21.0,189.0,5.0,16.0,12.0,46.0,460.0,28.0,2.0,
2020-06-24,213.0,9.0,15.0,196.0,6.0,32.0,36.0,74.0,820.0,56.0,,
2020-06-25,307.0,21.0,12.0,250.0,3.0,22.0,27.0,95.0,727.0,39.0,,
2020-06-26,140.0,9.0,13.0,134.0,9.0,19.0,18.0,66.0,771.0,22.0,1.0,
2020-06-29,89.0,6.0,9.0,78.0,7.0,14.0,33.0,55.0,213.0,16.0,1.0,
2020-06-30,90.0,6.0,14.0,90.0,3.0,10.0,17.0,37.0,187.0,5.0,2.0,
2020-07-01,130.0,8.0,20.0,111.0,7.0,20.0,8.0,45.0,643.0,36.0,1.0,
2020-07-02,136.0,13.0,7.0,142.0,8.0,17.0,19.0,70.0,470.0,43.0,3.0,
2020-07-03,159.0,11.0,6.0,130.0,5.0,18.0,31.0,71.0,626.0,23.0,5.0,
2020-07-06,162.0,11.0,16.0,171.0,11.0,15.0,22.0,36.0,440.0,31.0,,
2020-07-07,101.0,6.0,21.0,77.0,2.0,7.0,20.0,64.0,448.0,45.0,,
2020-07-08,125.0,15.0,2.0,116.0,5.0,11.0,34.0,71.0,419.0,37.0,2.0,
2020-07-09,282.0,9.0,8.0,183.0,9.0,26.0,21.0,100.0,395.0,25.0,1.0,
2020-07-10,247.0,10.0,23.0,169.0,4.0,20.0,4.0,70.0,504.0,15.0,106.0,
2020-07-13,173.0,14.0,9.0,121.0,8.0,24.0,34.0,48.0,590.0,42.0,,
2020-07-14,98.0,6.0,10.0,99.0,12.0,13.0,24.0,61.0,545.0,61.0,,
2020-07-15,136.0,15.0,16.0,127.0,,17.0,57.0,64.0,586.0,20.0,20.0,
2020-07-16,115.0,7.0,3.0,102.0,7.0,17.0,33.0,71.0,506.0,72.0,,
2020-07-17,162.0,9.0,5.0,142.0,2.0,9.0,4.0,66.0,499.0,43.0,15.0,
2020-07-20,186.0,5.0,10.0,157.0,6.0,19.0,27.0,63.0,580.0,34.0,,
2020-07-21,134.0,5.0,,115.0,4.0,28.0,16.0,62.0,430.0,28.0,2.0,
2020-07-22,100.0,11.0,16.0,80.0,8.0,14.0,20.0,41.0,338.0,18.0,2.0,
2020-07-23,287.0,12.0,17.0,197.0,7.0,22.0,18.0,94.0,551.0,45.0,1.0,
2020-07-24,257.0,8.0,23.0,182.0,12.0,20.0,17.0,70.0,777.0,48.0,2.0,
2020-07-27,218.0,16.0,6.0,177.0,5.0,19.0,16.0,58.0,483.0,30.0,,
2020-07-28,109.0,9.0,7.0,115.0,19.0,14.0,34.0,65.0,164.0,42.0,,1.0
2020-07-29,96.0,12.0,7.0,80.0,8.0,18.0,15.0,61.0,187.0,30.0,13.0,
2020-07-30,99.0,16.0,7.0,82.0,8.0,7.0,32.0,45.0,228.0,70.0,2.0,
2020-07-31,80.0,12.0,12.0,57.0,,8.0,14.0,32.0,129.0,12.0,,
2020-08-01,10.0,,,7.0,,1.0,,3.0,289.0,11.0,2.0,
2020-08-03,136.0,8.0,24.0,100.0,14.0,7.0,8.0,64.0,540.0,24.0,3.0,
2020-08-04,198.0,13.0,10.0,205.0,6.0,12.0,18.0,52.0,410.0,32.0,,
2020-08-05,102.0,12.0,13.0,82.0,18.0,20.0,26.0,60.0,285.0,34.0,1.0,
2020-08-06,154.0,11.0,4.0,134.0,10.0,19.0,15.0,81.0,476.0,43.0,2.0,
2020-08-07,131.0,10.0,7.0,99.0,14.0,14.0,17.0,37.0,231.0,22.0,2.0,
2020-08-10,111.0,8.0,36.0,95.0,1.0,15.0,22.0,57.0,328.0,20.0,,
2020-08-11,227.0,8.0,14.0,149.0,13.0,26.0,14.0,97.0,273.0,26.0,35.0,
2020-08-12,140.0,5.0,6.0,112.0,7.0,28.0,36.0,68.0,341.0,34.0,3.0,
2020-08-13,164.0,11.0,6.0,134.0,8.0,17.0,23.0,45.0,519.0,29.0,4.0,
2020-08-14,189.0,8.0,1.0,158.0,5.0,20.0,6.0,58.0,227.0,11.0,1.0,
2020-08-17,114.0,10.0,23.0,111.0,12.0,20.0,22.0,59.0,594.0,31.0,36.0,
2020-08-18,102.0,12.0,60.0,106.0,5.0,13.0,14.0,61.0,312.0,21.0,,
2020-08-19,432.0,5.0,21.0,327.0,10.0,32.0,18.0,102.0,579.0,34.0,2.0,
2020-08-20,188.0,6.0,4.0,158.0,14.0,12.0,18.0,75.0,478.0,34.0,2.0,
2020-08-21,411.0,17.0,1.0,388.0,5.0,40.0,33.0,79.0,402.0,47.0,5.0,
2020-08-24,194.0,9.0,14.0,121.0,19.0,25.0,25.0,75.0,778.0,54.0,4.0,
2020-08-25,186.0,5.0,29.0,142.0,16.0,30.0,25.0,63.0,487.0,35.0,2.0,
2020-08-26,204.0,6.0,26.0,179.0,6.0,27.0,8.0,80.0,252.0,26.0,,1.0
2020-08-27,108.0,7.0,9.0,89.0,16.0,13.0,19.0,42.0,177.0,18.0,29.0,
2020-08-28,83.0,7.0,5.0,84.0,9.0,9.0,19.0,43.0,152.0,6.0,,
2020-08-30,,,,4.0,,,,,,,,
2020-08-31,84.0,6.0,1.0,82.0,7.0,15.0,13.0,33.0,200.0,18.0,,
2020-09-01,179.0,7.0,6.0,157.0,20.0,19.0,27.0,72.0,502.0,28.0,2.0,
2020-09-02,121.0,18.0,10.0,111.0,12.0,18.0,35.0,53.0,546.0,42.0,1.0,
2020-09-03,157.0,13.0,,121.0,6.0,25.0,19.0,62.0,246.0,21.0,1.0,
2020-09-04,169.0,11.0,13.0,174.0,12.0,25.0,20.0,68.0,475.0,25.0,,
2020-09-07,285.0,15.0,16.0,245.0,11.0,41.0,37.0,58.0,466.0,24.0,3.0,1.0
2020-09-08,152.0,8.0,23.0,106.0,4.0,18.0,11.0,69.0,421.0,37.0,5.0,
2020-09-09,258.0,12.0,19.0,171.0,12.0,29.0,26.0,103.0,311.0,22.0,7.0,
2020-09-10,113.0,7.0,6.0,109.0,6.0,20.0,17.0,55.0,380.0,33.0,2.0,
2020-09-11,152.0,13.0,13.0,161.0,8.0,24.0,27.0,71.0,443.0,25.0,2.0,
2020-09-14,160.0,12.0,10.0,136.0,4.0,13.0,17.0,48.0,378.0,27.0,7.0,
2020-09-15,200.0,15.0,13.0,215.0,10.0,30.0,35.0,44.0,604.0,51.0,1.0,
2020-09-16,132.0,10.0,29.0,131.0,9.0,17.0,45.0,69.0,721.0,104.0,5.0,
2020-09-17,187.0,6.0,13.0,157.0,16.0,24.0,16.0,93.0,447.0,45.0,2.0,
2020-09-18,128.0,8.0,22.0,119.0,2.0,22.0,10.0,47.0,339.0,17.0,1.0,1.0
2020-09-20,,,,,,,,1.0,,,,
2020-09-21,208.0,23.0,2.0,164.0,3.0,30.0,17.0,66.0,579.0,34.0,,
2020-09-22,167.0,8.0,17.0,112.0,7.0,16.0,22.0,44.0,671.0,35.0,,
2020-09-23,346.0,22.0,20.0,239.0,16.0,37.0,21.0,71.0,492.0,37.0,1.0,
2020-09-24,376.0,21.0,28.0,297.0,11.0,36.0,33.0,68.0,656.0,44.0,2.0,
2020-09-25,260.0,6.0,6.0,234.0,8.0,30.0,9.0,76.0,834.0,44.0,,
2020-09-27,,1.0,,,,,,,2.0,,,
2020-09-28,181.0,12.0,17.0,149.0,1.0,21.0,7.0,50.0,373.0,10.0,,
2020-09-29,110.0,10.0,16.0,111.0,,10.0,7.0,46.0,237.0,11.0,,
2020-09-30,133.0,12.0,15.0,108.0,3.0,12.0,17.0,58.0,210.0,15.0,1.0,
2020-10-01,114.0,7.0,4.0,111.0,17.0,25.0,42.0,66.0,483.0,28.0,3.0,
2020-10-02,163.0,12.0,38.0,150.0,7.0,20.0,22.0,62.0,420.0,34.0,1.0,
2020-10-05,204.0,9.0,21.0,150.0,4.0,13.0,22.0,52.0,339.0,21.0,2.0,
2020-10-06,137.0,9.0,7.0,134.0,,14.0,3.0,49.0,556.0,23.0,,
2020-10-07,148.0,8.0,3.0,114.0,13.0,15.0,17.0,53.0,302.0,23.0,3.0,
2020-10-08,148.0,9.0,15.0,128.0,14.0,22.0,20.0,57.0,448.0,33.0,3.0,
2020-10-09,173.0,6.0,25.0,149.0,15.0,23.0,53.0,77.0,360.0,28.0,6.0,
2020-10-12,118.0,9.0,15.0,120.0,5.0,22.0,27.0,43.0,441.0,20.0,,
2020-10-13,180.0,9.0,28.0,160.0,6.0,34.0,25.0,53.0,443.0,31.0,4.0,
2020-10-14,336.0,15.0,6.0,266.0,11.0,39.0,12.0,123.0,539.0,38.0,5.0,
2020-10-15,216.0,14.0,18.0,180.0,7.0,24.0,52.0,47.0,730.0,84.0,1.0,
2020-10-16,148.0,11.0,15.0,117.0,12.0,30.0,26.0,59.0,576.0,31.0,4.0,
2020-10-19,119.0,13.0,26.0,129.0,6.0,15.0,16.0,52.0,556.0,24.0,3.0,
2020-10-20,132.0,14.0,2.0,146.0,8.0,25.0,38.0,43.0,398.0,47.0,2.0,
2020-10-21,195.0,9.0,11.0,134.0,8.0,33.0,36.0,58.0,570.0,23.0,3.0,
2020-10-22,154.0,16.0,8.0,134.0,1.0,29.0,10.0,60.0,301.0,20.0,2.0,
2020-10-23,333.0,10.0,20.0,252.0,12.0,35.0,19.0,71.0,1063.0,75.0,2.0,
2020-10-26,362.0,19.0,18.0,273.0,4.0,37.0,23.0,61.0,423.0,30.0,1.0,
2020-10-27,91.0,9.0,23.0,86.0,16.0,10.0,19.0,41.0,214.0,8.0,4.0,
2020-10-28,89.0,6.0,26.0,91.0,25.0,16.0,44.0,66.0,242.0,35.0,1.0,
2020-10-29,96.0,6.0,4.0,85.0,8.0,10.0,29.0,52.0,177.0,16.0,,
2020-10-30,87.0,5.0,15.0,94.0,4.0,19.0,14.0,53.0,187.0,15.0,,
2020-11-01,14.0,1.0,1.0,4.0,,1.0,,8.0,372.0,9.0,,
2020-11-02,100.0,11.0,17.0,118.0,15.0,11.0,13.0,43.0,359.0,14.0,2.0,
2020-11-03,228.0,20.0,13.0,201.0,3.0,27.0,9.0,57.0,525.0,83.0,32.0,
2020-11-04,150.0,8.0,22.0,138.0,40.0,14.0,18.0,58.0,481.0,27.0,2.0,
2020-11-05,650.0,14.0,24.0,676.0,5.0,18.0,14.0,54.0,344.0,14.0,5.0,
2020-11-06,158.0,9.0,6.0,112.0,12.0,29.0,32.0,59.0,405.0,28.0,,
2020-11-09,90.0,9.0,13.0,96.0,3.0,19.0,8.0,49.0,531.0,32.0,,
2020-11-10,113.0,2.0,28.0,100.0,16.0,19.0,53.0,44.0,322.0,14.0,,
2020-11-11,72.0,4.0,11.0,59.0,7.0,8.0,13.0,27.0,241.0,35.0,,
2020-11-12,129.0,6.0,18.0,104.0,18.0,21.0,35.0,45.0,455.0,35.0,6.0,
2020-11-13,221.0,9.0,20.0,188.0,5.0,21.0,6.0,61.0,595.0,40.0,7.0,
2020-11-16,137.0,5.0,8.0,71.0,10.0,13.0,16.0,52.0,458.0,35.0,1.0,
2020-11-17,106.0,16.0,14.0,91.0,14.0,16.0,14.0,38.0,564.0,25.0,2.0,
2020-11-18,178.0,12.0,27.0,128.0,9.0,22.0,59.0,54.0,415.0,28.0,5.0,
2020-11-19,112.0,7.0,11.0,125.0,10.0,29.0,21.0,49.0,773.0,37.0,3.0,
2020-11-20,116.0,3.0,13.0,96.0,18.0,25.0,22.0,41.0,467.0,28.0,3.0,
2020-11-23,334.0,13.0,26.0,246.0,4.0,37.0,13.0,46.0,691.0,33.0,2.0,
2020-11-24,339.0,20.0,25.0,268.0,18.0,34.0,35.0,42.0,519.0,26.0,4.0,
2020-11-25,166.0,11.0,17.0,126.0,34.0,22.0,7.0,47.0,718.0,41.0,,
2020-11-26,99.0,15.0,7.0,91.0,5.0,21.0,17.0,36.0,268.0,16.0,4.0,
2020-11-27,56.0,4.0,42.0,36.0,13.0,13.0,8.0,34.0,298.0,10.0,4.0,
2020-11-30,101.0,9.0,5.0,130.0,16.0,6.0,29.0,44.0,193.0,20.0,4.0,
2020-12-01,91.0,11.0,22.0,92.0,17.0,12.0,23.0,29.0,569.0,27.0,4.0,
2020-12-02,105.0,3.0,16.0,89.0,14.0,12.0,24.0,39.0,463.0,19.0,,
2020-12-03,119.0,6.0,6.0,86.0,19.0,23.0,15.0,32.0,467.0,32.0,1.0,
2020-12-04,181.0,8.0,2.0,135.0,4.0,12.0,8.0,18.0,317.0,17.0,1.0,
2020-12-07,96.0,7.0,26.0,73.0,23.0,13.0,18.0,57.0,596.0,17.0,,
2020-12-08,148.0,4.0,25.0,117.0,12.0,24.0,96.0,53.0,507.0,29.0,4.0,
2020-12-09,190.0,13.0,13.0,122.0,7.0,16.0,20.0,80.0,350.0,37.0,2.0,1.0
2020-12-10,69.0,10.0,2.0,69.0,8.0,12.0,11.0,45.0,342.0,26.0,,
2020-12-11,81.0,6.0,8.0,74.0,5.0,19.0,20.0,24.0,329.0,20.0,,1.0
2020-12-14,230.0,11.0,4.0,138.0,7.0,27.0,17.0,35.0,912.0,48.0,,
2020-12-15,101.0,18.0,17.0,93.0,23.0,21.0,26.0,55.0,496.0,41.0,1.0,
2020-12-16,150.0,8.0,14.0,111.0,13.0,29.0,17.0,35.0,580.0,27.0,2.0,
2020-12-17,197.0,9.0,11.0,153.0,21.0,38.0,19.0,57.0,559.0,36.0,1.0,
2020-12-18,243.0,13.0,6.0,143.0,12.0,38.0,32.0,43.0,769.0,37.0,3.0,
2020-12-21,194.0,7.0,13.0,152.0,17.0,22.0,29.0,53.0,640.0,58.0,2.0,
2020-12-22,92.0,7.0,26.0,79.0,21.0,21.0,64.0,23.0,737.0,46.0,1.0,
2020-12-23,94.0,9.0,17.0,74.0,7.0,20.0,16.0,31.0,424.0,21.0,,
2020-12-24,8.0,2.0,,5.0,,1.0,,,21.0,1.0,,
2020-12-28,64.0,5.0,10.0,50.0,48.0,14.0,58.0,46.0,234.0,5.0,,
2020-12-29,55.0,5.0,16.0,51.0,21.0,8.0,21.0,35.0,180.0,13.0,,
2020-12-30,59.0,9.0,30.0,54.0,11.0,8.0,7.0,27.0,109.0,14.0,,
2020-12-31,7.0,1.0,,5.0,,,,,22.0,1.0,,
